frame,x_table,y_table
68,1.2412843,1.2793807
86,0.30623305,1.370137
103,0.43402433,2.3930297
116,1.290679,2.4264479
156,-0.031290174,1.6053755
195,1.2056301,1.1185266
