frame,x_table,y_table
68,1.2664297,1.2459686
86,0.34469968,1.2497003
103,0.46838808,2.362965
116,1.3088722,2.4176216
156,-0.020110955,1.4747626
195,1.2338525,1.0794954
